﻿name,latitude,longitude
Black Diamond Mine ,30.76806,-105.0014
Boxcar,30.749749,-105.025563
Campo Bonito,30.70778,-104.9689
Carpenter Mine,30.76056,-105.0228
Corral,30.785845,-104.985346
Corral Tank,30.787291,-104.986321
Eagle Canyon,30.685229,-105.005203
East Gate (Main),30.785453,-104.97874
East Well,30.7681,-104.9528
Echo Canyon  ,30.770587,-105.00906
Echo Canyon Overlook,30.782764,-104.995891
Echo Pass,30.824775,-105.023845
Echo Peak,30.818523,-105.014925
Echo Spring,30.797195,-105.011214
Echo Tank,30.78205,-104.99796
Flat Top Mountain,30.748046,-104.997326
Grassy Tank,30.785874,-104.971079
Horizon Tank,30.766729,-105.065372
Huevos Tank,30.736486,-104.983412
Juniper Grove,30.795365,-104.993731
Lonely Tank,30.727873,-104.972117
Mesquite Tank,30.761533,-105.030754
Oak Arroyo,30.786006,-104.980719
Oxford Spring,30.840228,-105.041103
Palmas Well,30.745551,-104.972035
Peccary Tank,30.755917,-105.004082
Pirtle Tank (Bull),30.785195,-104.984107
Purple Sage Mine,30.749504,-105.026167
Ranch House,30.776868,-105.016194
Rattlesnake Tank,30.746781,-105.008319
Red Mountain,30.73,-104.9883333
Red Tank,30.730671,-104.98832
River Access,30.6652737,-104.9914824
South Gate ,30.690216,-104.967116
Sunflower Tank,30.772065,-105.048041
The Box,30.6671625,-104.9930397
The Narrows,30.733592,-104.984423
Twin Tank,30.77384,-105.000723
Unnamed_Tank3,30.821694,-105.081041
Unnamed_Tank4,30.7924029,-105.0676629
Wash Tank,30.765882,-104.999005
Wilson Spring,30.808465,-104.975494
Woodpecker Well,30.817841,-105.054186
Agate Hill,30.74028,-105.00278
Bailey Evans Peak,30.781661,-105.004167
Eagle Pass,30.769444,-104.979167
Unnamed_Tank5,30.791282,-105.004053
Unnamed_Windmill,30.7946659,-105.0431297
Southeast_Gate,30.74103,-104.93935
The Bowl,30.7283142,-105.010833
Prospect Pit #1,30.7715579,-105.0087508
Prospect Pit #2,30.7716382,-105.0086655
Horizontal Mine #1,30.7719744,-105.0076068
Horizontal Mine #2,30.7719292,-105.0075316
Prospect Pit #3,30.7734465,-105.0010089
